SARA_ID,PRPWSHID
SARA_1,AB-02020102
SARA_2,AB-04010401
SARA_3,BC_78
SARA_4,BC_78
SARA_5,BC_78
SARA_6,BC_34
SARA_7,BC_34
SARA_8,BC_34
SARA_9,BC_34
SARA_10,BC_106
SARA_14,ON-02GHA02
SARA_14,ON-02GGB01
SARA_14,ON-02GHA01
SARA_16,AB-02020102
SARA_26,BC_28
SARA_31,BC_172
SARA_31,BC_96
SARA_32,BC_90
SARA_32,BC_96
SARA_33,BC_216
SARA_34,BC_54
SARA_35,BC_156
SARA_35,BC_54
SARA_36,BC_99
SARA_36,BC_156
SARA_36,BC_194
SARA_37,BC_126
SARA_37,BC_194
SARA_37,BC_193
SARA_38,BC_194
SARA_39,BC_135
SARA_39,BC_242
SARA_40,BC_139
SARA_40,BC_15
SARA_41,BC_122
SARA_41,BC_244
SARA_41,BC_197
SARA_41,BC_139
SARA_42,BC_99
SARA_42,BC_197
SARA_43,BC_90
SARA_70,ON-02GD-11
SARA_71,ON-02GD-04
SARA_71,ON-02GD-13
SARA_72,ON-02HB-02
SARA_73,ON-02GA-02
SARA_73,ON-02GA-07
SARA_73,ON-02GA-10
SARA_74,ON-02GE-09
SARA_74,ON-02GE-07
SARA_75,ON-02GA-08
SARA_75,ON-02GA-04
SARA_75,ON-02GA-09
SARA_75,ON-02GA-02
SARA_75,ON-02GB-06
SARA_75,ON-02GB-02
SARA_75,ON-02GA-01
SARA_75,ON-02GB-05
SARA_75,ON-02GB-08
SARA_75,ON-02GA-03
SARA_75,ON-02GA-05
SARA_75,ON-02GB-03
SARA_76,ON-02GD-01
SARA_77,ON-02GD-08
SARA_78,ON-02GA-12
SARA_78,ON-02GA-06
SARA_78,ON-02GA-05
SARA_79,ON-02GD-11
SARA_79,ON-02GD-04
SARA_79,ON-02GD-07
SARA_79,ON-02GD-10
SARA_79,ON-02GD-01
SARA_79,ON-02GD-02
SARA_80,ON-02GE-07
SARA_81,ON-02HB-03
SARA_82,ON-02GD-01
SARA_83,ON-02GE-06
SARA_83,ON-02GD-03
SARA_83,ON-02GE-07
SARA_83,ON-02GD-01
SARA_84,ON-02GD-04
SARA_84,ON-02GD-10
SARA_85,ON-02GD-02
SARA_86,ON-02HB-03
SARA_87,ON-02GD-09
SARA_87,ON-02GD-03
SARA_87,ON-02GD-05
SARA_87,ON-02GD-06
SARA_87,ON-02GD-08
SARA_88,ON-02GD-02
SARA_88,ON-02GD-12
SARA_89,ON-02GD-07
SARA_90,BC_180
SARA_90,BC_89
SARA_90,BC_60
SARA_90,BC_176
SARA_90,BC_160
SARA_90,BC_211
SARA_91,BC_103
SARA_91,BC_178
SARA_91,BC_243
SARA_93,ON-02HL-02
SARA_93,ON-02HL-05
SARA_94,ON-02HL-07
SARA_94,ON-029C-02
SARA_94,ON-02HL-03
SARA_94,ON-02HL-10
SARA_94,ON-02HL-02
SARA_94,ON-02HL-04
SARA_94,ON-02HL-01
SARA_95,ON-02HM-03
SARA_95,ON-02HM-02
SARA_96,ON-02HL-03
SARA_97,ON-02HK-13
SARA_97,ON-02HK-09
SARA_97,ON-02HK-01
SARA_98,ON-02GC-03
SARA_104,ON-02FC-06
SARA_106,ON-029C-03
SARA_122,ON-02GC-03
SARA_127,ON-02GC-03
SARA_128,BC_103
SARA_129,BC_103
SARA_130,BC_103
SARA_131,BC_103
SARA_132,BC_103
SARA_138,ON-02GE-08
SARA_138,ON-02GE-01
SARA_138,ON-02GGB01
SARA_138,ON-02GE-03
SARA_138,ON-02GE-02
SARA_139,ON-02GGB10
SARA_139,ON-02GGB01
SARA_140,ON-02GGB01
SARA_141,ON-02GGB11
SARA_142,ON-02HA-02
SARA_143,ON-02HB-01
SARA_144,ON-02GB-02
SARA_144,ON-02GB-01
SARA_145,ON-02HB-01
SARA_146,ON-029A-01
SARA_147,ON-02GGB01
SARA_147,ON-02GGB02
SARA_148,ON-02GHA03
SARA_148,ON-02GHA01
SARA_149,ON-02GGB01
SARA_150,ON-02GGB10
SARA_150,ON-02GGB01
SARA_151,ON-02GGB01
SARA_152,ON-02GGB03
SARA_153,ON-02GGB02
SARA_154,ON-02GC-03
SARA_156,ON-02GB-06
SARA_157,ON-02GE-06
SARA_158,ON-02GGB04
SARA_158,ON-02GGB09
SARA_158,ON-02GGB05
SARA_159,ON-02GC-03
SARA_162,ON-02HA-02
SARA_168,ON-02FF-05
SARA_168,ON-02FF-03
SARA_168,ON-02FF-04
SARA_169,ON-02GD-01
SARA_173,ON-02FF-05
SARA_173,ON-02FF-01
SARA_173,ON-02FF-04
SARA_177,ON-02GD-03
SARA_179,ON-02GD-08
SARA_180,ON-02GGB06
SARA_180,ON-02GGB08
SARA_184,ON-02FF-05
SARA_184,ON-02FF-03
SARA_184,ON-02FF-01
SARA_184,ON-02FF-04
SARA_185,AB-04010401
SARA_194,BC_63
SARA_195,BC_103
SARA_196,BC_28
SARA_197,BC_63
SARA_198,BC_63
SARA_199,BC_103
SARA_200,BC_28
SARA_201,BC_28
SARA_202,BC_103
SARA_203,BC_103
SARA_204,BC_103
SARA_205,ON-02MA-04
SARA_205,ON-02MA-02
SARA_207,AB-17010301
SARA_208,AB-17020101
SARA_209,AB-17020101
SARA_210,AB-17010401
SARA_211,AB-17020102
SARA_212,AB-17010401
SARA_212,AB-17010302
SARA_213,AB-17020102
SARA_213,AB-17020101
SARA_214,AB-17010401
SARA_215,AB-17010601
SARA_216,AB-17010301
SARA_217,AB-17020101
SARA_218,AB-17010301
SARA_219,AB-17010301
SARA_220,AB-17010301
SARA_221,AB-17010102
SARA_222,AB-17010301
SARA_223,AB-17010401
SARA_224,AB-17010601
SARA_224,AB-17010603
SARA_225,AB-17010401
SARA_226,AB-17020102
SARA_227,AB-17010501
SARA_228,AB-17020101
SARA_229,AB-17010401
SARA_230,AB-17010302
SARA_231,AB-17010301
SARA_231,AB-18020701
SARA_232,AB-17020101
SARA_233,AB-17010301
SARA_234,AB-17020204
SARA_234,AB-17010501
SARA_235,AB-17020101
SARA_236,AB-17010302
SARA_237,AB-17020101
SARA_238,AB-17020102
SARA_239,AB-17020201
SARA_239,AB-17020203
SARA_240,AB-17010401
SARA_241,AB-17020101
SARA_242,AB-17020101
SARA_243,AB-17010301
SARA_244,AB-17020101
SARA_245,AB-17010401
SARA_246,AB-17020101
SARA_247,AB-17010401
SARA_248,AB-17020101
SARA_249,AB-17010301
SARA_250,AB-17010302
SARA_251,AB-17010603
SARA_252,AB-17010401
SARA_253,AB-17020101
SARA_254,AB-17020201
SARA_255,AB-17020102
SARA_256,AB-17010401
SARA_257,AB-17020102
SARA_258,AB-17010301
SARA_258,AB-18020104
SARA_259,AB-17010302
SARA_260,AB-17010301
SARA_261,AB-17010601
SARA_262,AB-17010301
SARA_263,AB-17010401
SARA_264,AB-17010302
SARA_265,AB-17010401
SARA_266,AB-17020102
SARA_267,AB-17010302
SARA_268,AB-17020101
SARA_269,AB-17020102
SARA_270,AB-17010603
SARA_271,AB-17020102
SARA_272,AB-17010301
SARA_273,AB-17020102
SARA_273,AB-17020101
SARA_274,AB-17010603
SARA_275,AB-17020102
SARA_276,AB-17010401
SARA_277,AB-17010302
SARA_278,AB-17010401
SARA_279,AB-17010501
SARA_280,AB-17020101
SARA_281,AB-17020101
SARA_282,AB-17010401
SARA_283,AB-17020101
SARA_284,AB-17020102
SARA_285,AB-17020102
SARA_286,AB-17020101
SARA_287,AB-17020101
SARA_288,AB-17020204
SARA_289,AB-17010104
SARA_289,AB-17010106
SARA_290,AB-17010602
SARA_291,AB-17010302
SARA_292,AB-17010301
SARA_293,AB-17020101
SARA_294,AB-17010401
SARA_295,AB-17010401
SARA_296,AB-17010401
SARA_296,AB-17010302
SARA_297,AB-17010501
SARA_298,AB-17010401
SARA_298,AB-17010302
SARA_299,AB-17010301
SARA_300,AB-17010501
SARA_301,AB-17010302
SARA_302,AB-17010301
SARA_303,AB-17010401
SARA_304,AB-17020102
SARA_305,AB-17020101
SARA_306,AB-17020101
SARA_307,AB-17020102
SARA_308,AB-17020102
SARA_308,AB-17020201
SARA_309,AB-17010401
SARA_310,AB-17010401
SARA_311,AB-17010601
SARA_312,AB-17010401
SARA_313,AB-17010401
SARA_314,AB-17010301
SARA_315,AB-17010301
SARA_316,AB-17020101
SARA_317,AB-17020101
SARA_318,AB-17010401
SARA_319,AB-17020101
SARA_320,AB-17020101
SARA_321,AB-17010302
SARA_322,AB-17020101
SARA_323,AB-17010301
SARA_324,AB-17010401
SARA_324,AB-17020101
SARA_325,AB-17020101
SARA_326,AB-17020204
SARA_327,AB-17010302
SARA_328,AB-17010501
SARA_329,AB-17010401
SARA_329,AB-17010301
SARA_329,AB-18020104
SARA_329,AB-18020701
SARA_329,AB-17010302
SARA_330,AB-17010401
SARA_330,AB-17010301
SARA_330,AB-17010102
SARA_330,AB-17010302
SARA_331,AB-17010401
SARA_331,AB-17020101
SARA_331,AB-17010301
SARA_331,AB-17010102
SARA_331,AB-17010302
SARA_332,AB-17020204
SARA_332,AB-17010501
SARA_332,AB-17010601
SARA_333,AB-17010501
SARA_333,AB-17010601
SARA_333,AB-17010603
SARA_333,AB-18020704
SARA_333,AB-18020702
SARA_334,AB-17010602
SARA_335,AB-17040203
SARA_335,AB-17010603
SARA_336,AB-17020102
SARA_336,AB-17010401
SARA_336,AB-17020101
SARA_336,AB-17010102
SARA_337,AB-17020102
SARA_337,AB-17030101
SARA_337,AB-17020101
SARA_337,AB-17020201
SARA_338,AB-17020201
SARA_338,AB-17010501
SARA_339,AB-17020102
SARA_339,AB-17030101
SARA_339,AB-17020201
SARA_339,AB-17020202
SARA_340,AB-17010401
SARA_340,AB-17020203
SARA_341,AB-17020204
SARA_341,AB-17010501
SARA_341,AB-17020203
SARA_342,AB-17010301
SARA_343,AB-17020101
SARA_344,AB-17020101
SARA_345,AB-17020101
SARA_346,AB-17010401
SARA_347,AB-17020101
SARA_348,AB-17020102
SARA_349,AB-17010401
SARA_349,AB-17020101
SARA_350,AB-17010302
SARA_351,AB-17010501
SARA_352,AB-17020202
SARA_353,AB-17010302
SARA_354,AB-11010201
SARA_354,AB-11010103
SARA_354,AB-11010101
SARA_355,AB-11010301
SARA_356,AB-11010101
SARA_357,AB-04020101
SARA_358,AB-04020101
SARA_359,AB-11010403
SARA_360,AB-04020601
SARA_361,AB-04020601
SARA_362,AB-08010203
SARA_363,AB-04020701
SARA_364,AB-08010101
SARA_365,AB-04020101
SARA_366,AB-08010101
SARA_367,AB-11010201
SARA_367,AB-11010203
SARA_368,AB-04021201
SARA_369,AB-04010103
SARA_370,AB-04010103
SARA_371,AB-04020802
SARA_372,AB-04020101
SARA_373,AB-04020101
SARA_374,AB-04010301
SARA_375,AB-08010101
SARA_376,AB-04010101
SARA_377,AB-04010103
SARA_378,AB-04010103
SARA_379,AB-04010101
SARA_380,AB-04010101
SARA_381,AB-04010302
SARA_382,AB-04010302
SARA_383,AB-08010103
SARA_383,AB-08010101
SARA_384,AB-04010301
SARA_385,AB-08010203
SARA_386,AB-08010101
SARA_387,AB-04020501
SARA_388,AB-11010201
SARA_389,AB-04021201
SARA_390,AB-11010201
SARA_391,AB-04020601
SARA_392,AB-11010403
SARA_392,AB-11010401
SARA_393,AB-04010301
SARA_394,AB-11010401
SARA_395,AB-04021202
SARA_396,AB-04010101
SARA_397,AB-08010103
SARA_398,AB-04020101
SARA_399,AB-04020101
SARA_400,AB-04020601
SARA_401,AB-04020201
SARA_402,AB-04020101
SARA_403,AB-04020101
SARA_404,AB-04020101
SARA_404,AB-04020201
SARA_405,AB-04020201
SARA_406,AB-04020201
SARA_406,AB-04020501
SARA_406,AB-04020401
SARA_407,AB-04021001
SARA_408,AB-11010401
SARA_409,AB-11010405
SARA_409,AB-11010404
SARA_409,AB-11010401
SARA_410,AB-11010401
SARA_411,AB-11010401
SARA_412,AB-11010405
SARA_412,AB-11020101
SARA_413,AB-08010104
SARA_414,AB-04020201
SARA_415,AB-08010104
SARA_416,AB-08010101
SARA_417,AB-11010403
SARA_418,AB-04010101
SARA_419,AB-04020301
SARA_420,AB-04021001
SARA_421,AB-08010101
SARA_422,AB-04020301
SARA_423,AB-04021202
SARA_424,AB-04021202
SARA_425,AB-08010101
SARA_426,AB-04020301
SARA_427,AB-08010103
SARA_428,AB-04010101
SARA_429,AB-11010401
SARA_430,AB-04010101
SARA_431,AB-11010201
SARA_432,AB-11010202
SARA_433,AB-04021001
SARA_434,AB-11010401
SARA_435,AB-04010103
SARA_436,AB-11010402
SARA_436,AB-11010401
SARA_437,AB-04021201
SARA_438,AB-04021201
SARA_439,AB-04020401
SARA_440,AB-04010301
SARA_441,AB-08010101
SARA_442,AB-08010203
SARA_443,AB-04020501
SARA_444,AB-04020501
SARA_445,AB-04010103
SARA_446,AB-04021201
SARA_447,AB-04021201
SARA_448,AB-11010103
SARA_449,AB-04020301
SARA_450,AB-04020601
SARA_451,AB-04020301
SARA_452,AB-04020301
SARA_453,AB-11010401
SARA_454,AB-11010403
SARA_455,AB-04020201
SARA_456,AB-11010403
SARA_457,AB-11010301
SARA_458,AB-11010201
SARA_458,AB-11010301
SARA_459,AB-11010301
SARA_460,AB-11010301
SARA_461,AB-04021202
SARA_462,AB-11010401
SARA_463,AB-11010401
SARA_464,AB-11010103
SARA_465,AB-04021202
SARA_466,AB-11010401
SARA_467,AB-04010101
SARA_468,AB-11010406
SARA_469,AB-04020301
SARA_470,AB-04020301
SARA_471,AB-04020101
SARA_472,AB-11010103
SARA_473,AB-11010103
SARA_474,AB-04021001
SARA_475,AB-11010101
SARA_476,AB-04020101
SARA_477,AB-04021001
SARA_478,AB-04010101
SARA_479,AB-04020701
SARA_480,AB-04010101
SARA_481,AB-11010202
SARA_482,AB-11010202
SARA_483,AB-04010301
SARA_484,AB-11010201
SARA_484,AB-11010101
SARA_485,AB-04010102
SARA_486,AB-04021201
SARA_487,AB-04020501
SARA_488,AB-11010301
SARA_489,AB-11010403
SARA_490,AB-04010101
SARA_491,AB-04010301
SARA_492,AB-04010101
SARA_493,AB-11010201
SARA_494,AB-04021202
SARA_495,AB-11010301
SARA_496,AB-08010101
SARA_497,AB-11010201
SARA_498,AB-11010201
SARA_499,AB-08010102
SARA_500,AB-04010101
SARA_501,AB-08010102
SARA_502,AB-08010102
SARA_503,AB-08010102
SARA_504,AB-11010403
SARA_505,AB-08010101
SARA_506,AB-04010101
SARA_507,AB-11010302
SARA_508,AB-04010301
SARA_509,AB-04010301
SARA_510,AB-04010101
SARA_511,AB-11010201
SARA_512,AB-04021202
SARA_513,AB-08010101
SARA_514,AB-08010104
SARA_515,AB-11010202
SARA_516,AB-04021001
SARA_517,AB-04021001
SARA_518,AB-11010301
SARA_519,AB-11010301
SARA_520,AB-11010404
SARA_521,AB-11010404
SARA_522,AB-04020601
SARA_523,AB-11010103
SARA_524,AB-04010101
SARA_525,AB-11010102
SARA_526,AB-04021201
SARA_527,AB-04020601
SARA_528,AB-04021001
SARA_529,AB-11010202
SARA_530,AB-08010103
SARA_530,AB-08010101
SARA_531,AB-11010202
SARA_532,AB-04020201
SARA_533,AB-04010101
SARA_534,AB-08010102
SARA_535,AB-04021201
SARA_536,AB-11010402
SARA_537,AB-11010402
SARA_538,AB-04021201
SARA_539,AB-04010101
SARA_540,AB-04020601
SARA_541,AB-04010103
SARA_542,AB-11010301
SARA_543,AB-11010301
SARA_544,AB-04021001
SARA_545,AB-04021001
SARA_546,AB-04020701
SARA_547,AB-11010302
SARA_548,AB-04020201
SARA_549,AB-11010301
SARA_550,AB-08010203
SARA_551,AB-04020701
SARA_552,AB-11010401
SARA_553,AB-04020601
SARA_554,AB-04020601
SARA_555,AB-04020701
SARA_556,AB-08010203
SARA_557,AB-04020601
SARA_558,AB-04010301
SARA_559,AB-11010201
SARA_560,AB-11010201
SARA_561,AB-04010103
SARA_562,AB-11010403
SARA_563,AB-04020501
SARA_564,AB-04020701
SARA_565,AB-11010101
SARA_566,AB-11010101
SARA_567,AB-04010103
SARA_568,AB-04021001
SARA_569,AB-11010202
SARA_570,AB-04010103
SARA_571,AB-04020301
SARA_572,AB-04020301
SARA_573,AB-04010301
SARA_574,AB-11010201
SARA_575,AB-11010201
SARA_576,AB-04010103
SARA_577,AB-04021202
SARA_578,AB-11010402
SARA_579,AB-04010101
SARA_580,AB-08010203
SARA_581,AB-11010406
SARA_582,AB-04010103
SARA_583,AB-04020601
SARA_584,AB-04010103
SARA_585,AB-04020601
SARA_586,AB-11010302
SARA_587,AB-11010403
SARA_588,AB-11010201
SARA_589,AB-08010203
SARA_590,AB-11010201
SARA_591,AB-04021201
SARA_592,AB-04020601
SARA_593,AB-04020601
SARA_594,AB-04020201
SARA_595,AB-08010103
SARA_596,AB-04020101
SARA_597,AB-04010301
SARA_598,AB-08010103
SARA_598,AB-08010101
SARA_599,AB-04010101
SARA_600,AB-04020601
SARA_601,AB-04021201
SARA_601,AB-04020901
SARA_602,AB-04020301
SARA_603,AB-04020301
SARA_604,AB-04010101
SARA_605,AB-04020601
SARA_606,AB-04020601
SARA_607,AB-04020701
SARA_608,AB-04021001
SARA_609,AB-04020201
SARA_610,AB-04020201
SARA_611,AB-11010101
SARA_612,AB-11010101
SARA_613,AB-11010202
SARA_614,AB-11010103
SARA_615,AB-11010301
SARA_616,AB-11010301
SARA_617,AB-04020601
SARA_618,AB-04010103
SARA_619,AB-11010401
SARA_620,AB-04010101
SARA_621,AB-11010201
SARA_621,AB-11010203
SARA_622,AB-11010203
SARA_623,AB-04010103
SARA_624,AB-08010104
SARA_625,AB-08010104
SARA_625,AB-08010101
SARA_626,AB-04020601
SARA_627,AB-04020601
SARA_628,AB-11010401
SARA_629,AB-11010401
SARA_630,AB-11010201
SARA_631,AB-11010201
SARA_632,AB-11010401
SARA_633,AB-04020701
SARA_634,AB-04020501
SARA_635,AB-04020101
SARA_636,AB-11010202
SARA_637,AB-11010403
SARA_638,AB-04020802
SARA_639,AB-04021202
SARA_640,AB-04021202
SARA_641,AB-04010103
SARA_642,AB-04020601
SARA_643,AB-04020601
SARA_644,AB-11010201
SARA_645,AB-04020601
SARA_646,AB-11010202
SARA_647,AB-08010102
SARA_648,AB-04020501
SARA_649,AB-11010103
SARA_650,AB-04021201
SARA_651,AB-04021001
SARA_652,AB-11010103
SARA_653,AB-04021201
SARA_654,AB-11010203
SARA_655,AB-11010401
SARA_656,AB-04010401
SARA_657,AB-04020701
SARA_658,AB-04020701
SARA_659,AB-11010201
SARA_660,AB-11010302
SARA_661,AB-04020601
SARA_662,AB-08010104
SARA_662,AB-11010301
SARA_663,AB-04021001
SARA_664,AB-04021201
SARA_665,AB-08010203
SARA_666,AB-11010201
SARA_667,AB-04010101
SARA_668,AB-08010203
SARA_669,AB-08010101
SARA_670,AB-04010301
SARA_671,AB-04021202
SARA_672,AB-04020701
SARA_673,AB-11010403
SARA_674,AB-04021201
SARA_675,AB-04021201
SARA_676,AB-04010103
SARA_677,AB-04021201
SARA_678,AB-11010301
SARA_679,AB-11010301
SARA_680,AB-04020701
SARA_681,AB-04010301
SARA_682,AB-11010101
SARA_683,AB-04020101
SARA_684,AB-04020301
SARA_685,AB-04020601
SARA_686,AB-11010401
SARA_687,AB-11010403
SARA_688,AB-11010402
SARA_689,AB-04010301
SARA_690,AB-11010201
SARA_691,AB-04020802
SARA_692,AB-04010101
SARA_693,AB-11010202
SARA_694,AB-04010103
SARA_695,AB-11010202
SARA_696,AB-04010103
SARA_697,AB-04021001
SARA_698,AB-04010103
SARA_699,AB-11010202
SARA_700,AB-11010301
SARA_701,AB-04010101
SARA_702,AB-04021202
SARA_703,AB-04020701
SARA_704,AB-04020601
SARA_705,AB-11010401
SARA_706,AB-11010401
SARA_707,AB-11010201
SARA_708,AB-11010301
SARA_709,AB-11010301
SARA_710,AB-04010301
SARA_711,AB-04020601
SARA_712,AB-04020601
SARA_713,AB-04010103
SARA_714,AB-08010101
SARA_715,AB-11010403
SARA_716,AB-08010101
SARA_717,AB-11010103
SARA_718,AB-11010203
SARA_719,AB-04021001
SARA_720,AB-04021001
SARA_721,AB-04021201
SARA_722,AB-04020701
SARA_723,AB-11010201
SARA_724,AB-11010401
SARA_725,AB-04010101
SARA_726,AB-11010103
SARA_727,AB-11010403
SARA_728,AB-04010301
SARA_729,AB-04010103
SARA_730,AB-04021201
SARA_731,AB-11010101
SARA_732,AB-11010403
SARA_733,AB-11010301
SARA_734,AB-04021001
SARA_735,AB-04021001
SARA_736,AB-11010401
SARA_737,AB-04020101
SARA_738,AB-04020101
SARA_739,AB-08010103
SARA_740,AB-04020301
SARA_741,AB-04021201
SARA_742,AB-11010101
SARA_743,AB-04020601
SARA_744,AB-04020601
SARA_745,AB-04021202
SARA_746,AB-11010402
SARA_747,AB-11010402
SARA_748,AB-04020301
SARA_749,AB-11010401
SARA_750,AB-11010201
SARA_750,AB-11010202
SARA_751,AB-04021001
SARA_752,AB-11010402
SARA_753,AB-11010406
SARA_754,AB-11010405
SARA_754,AB-11010406
SARA_755,AB-11010401
SARA_756,AB-04010302
SARA_757,AB-04020701
SARA_758,AB-08010101
SARA_759,AB-04020501
SARA_760,AB-04021202
SARA_761,AB-11010401
SARA_762,AB-04020701
SARA_763,AB-04020701
SARA_764,AB-04010103
SARA_765,AB-04021001
SARA_766,AB-04010101
SARA_767,AB-11010202
SARA_768,AB-11010101
SARA_769,AB-11010101
SARA_770,AB-11010101
SARA_771,AB-11010201
SARA_771,AB-11020101
SARA_771,AB-11010101
SARA_772,AB-04010103
SARA_773,AB-04010201
SARA_773,AB-04010101
SARA_774,AB-04020101
SARA_775,AB-08010103
SARA_776,AB-04010103
SARA_777,AB-11010401
SARA_778,AB-04021201
SARA_779,AB-04021201
SARA_780,AB-04010105
SARA_780,AB-04010101
SARA_780,AB-04010102
SARA_780,AB-04010103
SARA_781,AB-04010101
SARA_782,AB-04010105
SARA_782,AB-04010101
SARA_783,AB-11010202
SARA_784,AB-11010401
SARA_785,AB-04020601
SARA_786,AB-11010202
SARA_787,AB-11010101
SARA_788,AB-08010203
SARA_789,AB-11010404
SARA_789,AB-11010401
SARA_790,AB-04010101
SARA_791,AB-08010102
SARA_791,AB-08010101
SARA_792,AB-08010102
SARA_793,AB-04020101
SARA_794,AB-08010104
SARA_795,AB-04021201
SARA_795,AB-04010101
SARA_796,AB-04021201
SARA_797,AB-11010301
SARA_798,AB-11010301
SARA_799,AB-11010301
SARA_800,AB-11010201
SARA_800,AB-11010202
SARA_801,AB-04021202
SARA_801,AB-04021201
SARA_802,AB-04021201
SARA_803,AB-04020201
SARA_804,AB-04010104
SARA_805,AB-11010301
SARA_806,AB-08010101
SARA_807,AB-11010202
SARA_808,AB-11010103
SARA_809,AB-04021001
SARA_810,AB-04020101
SARA_811,AB-04021001
SARA_812,AB-04021201
SARA_813,AB-04020601
SARA_814,AB-04020601
SARA_815,AB-04010101
SARA_816,AB-11010102
SARA_817,AB-11010102
SARA_818,AB-04021001
SARA_819,AB-04021001
SARA_820,AB-11010301
SARA_821,AB-11010301
SARA_821,AB-11010302
SARA_822,AB-08010101
SARA_823,AB-08010101
SARA_824,AB-04021001
SARA_825,AB-08010203
SARA_826,AB-11010401
SARA_827,AB-04010101
SARA_828,AB-04010301
SARA_829,AB-11010301
SARA_830,AB-04021202
SARA_831,AB-04021001
SARA_832,AB-04010103
SARA_833,AB-11010201
SARA_833,AB-11010202
SARA_834,AB-04020201
SARA_835,AB-04021001
SARA_836,AB-11010202
SARA_837,AB-11010406
SARA_838,AB-04020601
SARA_839,AB-04020601
SARA_840,AB-08010101
SARA_841,AB-08010101
SARA_842,AB-08010101
SARA_843,AB-08010101
SARA_843,AB-08010201
SARA_844,AB-04010301
SARA_845,AB-11010402
SARA_846,AB-04010101
SARA_847,AB-11010404
SARA_847,AB-11010401
SARA_848,AB-04020601
SARA_849,AB-11010301
SARA_850,AB-04021202
SARA_851,AB-04020101
SARA_852,AB-04020601
SARA_853,AB-04020601
SARA_854,AB-11010301
SARA_855,AB-11010201
SARA_856,AB-04010301
SARA_857,AB-11010402
SARA_858,AB-04010103
SARA_859,AB-04010301
SARA_860,AB-11010402
SARA_861,AB-11010301
SARA_862,AB-04020301
SARA_863,AB-04020301
SARA_864,AB-11010403
SARA_864,AB-11010406
SARA_865,AB-04021201
SARA_866,AB-11010402
SARA_867,AB-04010101
SARA_868,AB-04021201
SARA_869,AB-11010401
SARA_870,AB-04020601
SARA_871,AB-11010201
SARA_872,AB-04010101
SARA_873,AB-04020501
SARA_874,AB-04020501
SARA_875,AB-11010301
SARA_876,AB-08010104
SARA_877,AB-08010101
SARA_878,AB-04010103
SARA_879,AB-04010103
SARA_880,AB-11010403
SARA_881,AB-08010101
SARA_882,AB-11010301
SARA_883,AB-04010101
SARA_884,AB-11010403
SARA_885,AB-11010403
SARA_886,AB-11010201
SARA_887,AB-08010102
SARA_888,AB-04021202
SARA_888,AB-04021201
SARA_889,AB-11010103
SARA_890,AB-04021001
SARA_891,AB-11010201
SARA_892,AB-11010201
SARA_893,AB-04020802
SARA_894,AB-11010202
SARA_895,AB-11010102
SARA_895,AB-11010101
SARA_896,AB-08010203
SARA_897,AB-04020101
SARA_898,AB-04021001
SARA_899,AB-11010301
SARA_900,AB-04010101
SARA_901,AB-11010201
SARA_902,AB-04020301
SARA_902,AB-04020601
SARA_903,AB-04010101
SARA_904,AB-11010403
SARA_905,AB-04020101
SARA_906,AB-04020301
SARA_907,AB-04010101
SARA_908,AB-08010102
SARA_909,AB-11010101
SARA_910,AB-04010103
SARA_911,AB-04010101
SARA_912,AB-04010301
SARA_913,AB-04021202
SARA_914,AB-11010201
SARA_915,AB-04010301
SARA_916,AB-04020701
SARA_917,AB-04021001
SARA_918,AB-04010101
SARA_919,AB-11010401
SARA_920,AB-08010104
SARA_921,AB-04020701
SARA_922,AB-04010103
SARA_923,AB-04020601
SARA_924,AB-04010101
SARA_925,AB-04010103
SARA_926,AB-04010101
SARA_927,AB-11010401
SARA_928,AB-11010401
SARA_929,AB-11010401
SARA_930,AB-04020601
SARA_931,AB-04020701
SARA_932,AB-04020701
SARA_933,AB-04010101
SARA_934,AB-04020601
SARA_935,AB-04020601
SARA_936,AB-04010301
SARA_937,AB-04010101
SARA_938,AB-04020601
SARA_939,AB-04020301
SARA_940,AB-04020301
SARA_941,AB-04020301
SARA_942,AB-04020301
SARA_943,AB-11010101
SARA_944,AB-04020301
SARA_944,AB-04020401
SARA_945,AB-04010401
SARA_946,AB-04010101
SARA_947,AB-04020701
SARA_948,AB-11010406
SARA_949,AB-04021201
SARA_950,AB-04020501
SARA_951,AB-04021201
SARA_952,AB-04021201
SARA_953,AB-08010103
SARA_954,AB-11010403
SARA_955,AB-04010101
SARA_956,AB-04021201
SARA_957,AB-08010101
SARA_958,AB-11010403
SARA_959,AB-04010103
SARA_960,AB-04021201
SARA_961,AB-04020201
SARA_962,AB-11010201
SARA_962,AB-11010403
SARA_963,AB-11010201
SARA_964,AB-04020201
SARA_965,AB-11010406
SARA_966,AB-04010103
SARA_967,AB-04021001
SARA_968,AB-11010201
SARA_969,AB-11010202
SARA_970,AB-11010301
SARA_971,AB-08010104
SARA_972,AB-11010201
SARA_973,AB-11010101
SARA_974,AB-11010401
SARA_975,AB-04020601
SARA_976,AB-04020601
SARA_977,AB-04021001
SARA_977,AB-04021202
SARA_978,AB-11010402
SARA_979,AB-11010301
SARA_980,AB-11010402
SARA_981,AB-04021001
SARA_982,AB-04021001
SARA_983,AB-11010301
SARA_984,AB-11010201
SARA_985,AB-04020301
SARA_986,AB-08010203
SARA_987,AB-04010301
SARA_988,AB-11010302
SARA_989,AB-04020501
SARA_990,AB-11010101
SARA_991,AB-08010101
SARA_992,AB-08010101
SARA_993,AB-04010101
SARA_994,AB-04010103
SARA_995,AB-04010104
SARA_996,AB-04010302
SARA_997,AB-04010301
SARA_998,AB-04020101
SARA_999,AB-04020201
SARA_1000,AB-04020301
SARA_1001,AB-04020501
SARA_1001,AB-04020401
SARA_1002,AB-04020501
SARA_1003,AB-04020601
SARA_1004,AB-04020701
SARA_1005,AB-04021001
SARA_1006,AB-04021201
SARA_1007,AB-04021202
SARA_1008,AB-08010101
SARA_1009,AB-08010101
SARA_1010,AB-08010102
SARA_1011,AB-08010102
SARA_1012,AB-08010103
SARA_1013,AB-08010104
SARA_1014,AB-11010101
SARA_1015,AB-11010101
SARA_1016,AB-11010102
SARA_1017,AB-11010103
SARA_1018,AB-11010201
SARA_1019,AB-11010202
SARA_1020,AB-11010203
SARA_1021,AB-11010301
SARA_1022,AB-11010301
SARA_1023,AB-11010302
SARA_1024,AB-11010401
SARA_1025,AB-11010401
SARA_1026,AB-11010402
SARA_1027,AB-11010201
SARA_1027,AB-11010403
SARA_1027,AB-11010406
SARA_1028,AB-17030101
SARA_1028,AB-11010404
SARA_1028,AB-11010401
SARA_1029,AB-11010403
SARA_1029,AB-11010406
SARA_1030,AB-04010201
SARA_1030,AB-04010101
SARA_1030,AB-04010102
SARA_1031,AB-04010201
SARA_1031,AB-04021201
SARA_1031,AB-04010101
SARA_1032,AB-04010103
SARA_1032,AB-04010104
SARA_1032,BC_46
SARA_1033,AB-04010102
SARA_1033,AB-04010103
SARA_1034,AB-04010301
SARA_1034,AB-04010103
SARA_1034,AB-04010104
SARA_1035,AB-04010302
SARA_1035,AB-04010301
SARA_1036,AB-04010301
SARA_1036,AB-04010104
SARA_1037,AB-04010301
SARA_1038,AB-04020101
SARA_1038,BC_91
SARA_1039,AB-04020101
SARA_1039,AB-04020201
SARA_1039,AB-04020501
SARA_1040,AB-04020301
SARA_1041,AB-04020201
SARA_1041,AB-04020301
SARA_1042,AB-04020401
SARA_1043,AB-04020201
SARA_1043,AB-04020501
SARA_1043,AB-08010102
SARA_1044,AB-04020301
SARA_1044,AB-04020601
SARA_1044,AB-04021001
SARA_1045,AB-04020701
SARA_1045,AB-08010103
SARA_1045,AB-08010101
SARA_1045,AB-08010203
SARA_1046,AB-04020601
SARA_1046,AB-04020802
SARA_1047,AB-04020601
SARA_1047,AB-04021001
SARA_1047,AB-04021202
SARA_1047,AB-04020802
SARA_1048,AB-04021201
SARA_1048,AB-04010101
SARA_1049,AB-04021202
SARA_1049,AB-04021201
SARA_1050,AB-04021001
SARA_1050,AB-04021202
SARA_1050,AB-04021201
SARA_1051,AB-08010102
SARA_1051,AB-08010103
SARA_1051,AB-08010101
SARA_1052,AB-08010104
SARA_1052,AB-08010101
SARA_1053,AB-08010101
SARA_1054,AB-08010102
SARA_1054,AB-08010101
SARA_1055,AB-08010102
SARA_1055,AB-08010101
SARA_1056,AB-04020701
SARA_1056,AB-08010103
SARA_1056,AB-08010101
SARA_1056,AB-08010203
SARA_1057,AB-08010104
SARA_1057,AB-08010101
SARA_1057,AB-11010301
SARA_1058,AB-08010104
SARA_1058,AB-08010202
SARA_1058,AB-11010301
SARA_1059,AB-04020701
SARA_1059,AB-08010103
SARA_1059,AB-08010203
SARA_1060,AB-11010201
SARA_1060,AB-11010202
SARA_1060,AB-11010102
SARA_1060,AB-11010103
SARA_1060,AB-11010101
SARA_1061,AB-11010201
SARA_1061,AB-11010101
SARA_1062,AB-11010101
SARA_1063,AB-11010102
SARA_1063,AB-11010101
SARA_1064,AB-11010201
SARA_1064,AB-11010103
SARA_1064,AB-11010401
SARA_1064,AB-11010101
SARA_1065,AB-11010201
SARA_1065,AB-11010202
SARA_1065,AB-11010101
SARA_1066,AB-11010201
SARA_1066,AB-11010403
SARA_1066,AB-11010203
SARA_1066,AB-11010401
SARA_1067,AB-11010201
SARA_1068,AB-11010202
SARA_1068,AB-11010301
SARA_1068,AB-11010101
SARA_1069,AB-11010201
SARA_1069,AB-11010202
SARA_1069,AB-11010101
SARA_1070,AB-11010201
SARA_1070,AB-11010202
SARA_1070,AB-11010302
SARA_1070,AB-11010101
SARA_1071,AB-11010202
SARA_1072,AB-11010203
SARA_1073,AB-08010104
SARA_1073,AB-08010101
SARA_1073,AB-11010202
SARA_1073,AB-11010301
SARA_1074,AB-08010104
SARA_1074,AB-11010301
SARA_1075,AB-08010202
SARA_1075,AB-11010202
SARA_1075,AB-11010301
SARA_1075,AB-11010302
SARA_1076,AB-11010202
SARA_1076,AB-11010103
SARA_1076,AB-11010301
SARA_1076,AB-11010302
SARA_1076,AB-11010401
SARA_1077,AB-11010301
SARA_1078,AB-11010302
SARA_1079,AB-11010201
SARA_1079,AB-11010403
SARA_1079,AB-11010401
SARA_1080,AB-11010403
SARA_1080,AB-11010402
SARA_1080,AB-11010406
SARA_1080,AB-11010401
SARA_1081,AB-17030101
SARA_1081,AB-11010405
SARA_1081,AB-11010403
SARA_1081,AB-11010404
SARA_1081,AB-11010401
SARA_1082,AB-11010401
SARA_1082,AB-17010101
SARA_1083,AB-17030101
SARA_1083,AB-17020101
SARA_1083,AB-11010402
SARA_1084,AB-11010201
SARA_1084,AB-11010403
SARA_1085,AB-11010403
SARA_1085,AB-11010406
SARA_1085,AB-11010401
SARA_1086,AB-11010403
SARA_1086,AB-11010401
SARA_1087,AB-17030101
SARA_1087,AB-11010404
SARA_1087,AB-11010401
SARA_1088,AB-11010201
SARA_1088,AB-11010403
SARA_1088,AB-11010203
SARA_1088,AB-11010406
SARA_1088,AB-11010401
SARA_1089,AB-04021202
SARA_1090,AB-04020301
SARA_1091,AB-04020601
SARA_1092,AB-04020601
SARA_1093,AB-11010401
SARA_1094,AB-11010403
SARA_1095,AB-04010301
SARA_1096,AB-08010101
SARA_1097,AB-04020201
SARA_1098,AB-04010101
SARA_1099,AB-04020101
SARA_1100,AB-04021202
SARA_1101,AB-04020701
SARA_1102,AB-11010403
SARA_1103,AB-04021202
SARA_1104,AB-04020601
SARA_1105,AB-11010301
SARA_1106,AB-11010103
SARA_1107,AB-04010301
SARA_1108,AB-04020301
SARA_1109,AB-11010406
SARA_1110,AB-04010103
SARA_1111,AB-04010103
SARA_1112,AB-04010103
SARA_1113,AB-11010401
SARA_1114,AB-11010401
SARA_1115,AB-04020201
SARA_1116,AB-04010201
SARA_1116,AB-04010101
SARA_1117,AB-11010101
SARA_1118,AB-11010101
SARA_1119,AB-11010101
SARA_1120,AB-04010103
SARA_1121,AB-08010102
SARA_1122,AB-08010101
SARA_1123,AB-08010101
SARA_1124,AB-04021201
SARA_1125,AB-04021201
SARA_1126,AB-08010101
SARA_1127,AB-08010104
SARA_1128,AB-11010101
SARA_1129,AB-08010102
SARA_1130,AB-08010104
SARA_1131,AB-04010101
SARA_1132,AB-04021202
SARA_1133,AB-08010101
SARA_1134,AB-04010301
SARA_1135,AB-04021201
SARA_1136,BC_36
SARA_1141,ON-02GA-02
SARA_1142,ON-02GA-02
SARA_1143,ON-02GA-02
SARA_1144,ON-02GA-02
SARA_1145,ON-02GB-03
SARA_1146,ON-02FF-05
SARA_1146,ON-02FF-04
SARA_1147,ON-02FF-02
SARA_1148,ON-02GA-07
SARA_1149,ON-02GD-02
SARA_1149,ON-02GD-12
SARA_1150,ON-02GA-04
SARA_1150,ON-02GA-02
SARA_1150,ON-02GA-01
SARA_1150,ON-02GB-04
SARA_1150,ON-02GB-08
SARA_1150,ON-02GA-03
SARA_1150,ON-02GA-05
SARA_1150,ON-02GB-03
SARA_1151,ON-02FF-05
SARA_1152,ON-02GD-01
SARA_1153,ON-02GD-08
SARA_1154,ON-02GA-06
SARA_1154,ON-02GA-05
SARA_1155,ON-02GD-11
SARA_1155,ON-02GD-04
SARA_1155,ON-02GD-07
SARA_1155,ON-02GD-03
SARA_1155,ON-02GD-01
SARA_1155,ON-02GD-02
SARA_1155,ON-02GD-13
SARA_1156,ON-02FA-01
SARA_1157,ON-02FC-01
SARA_1158,ON-02GD-01
SARA_1159,ON-02GD-03
SARA_1159,ON-02GE-07
SARA_1160,ON-02GD-03
SARA_1161,ON-02FE-01
SARA_1162,ON-02FE-06
SARA_1162,ON-02FE-03
SARA_1162,ON-02FE-01
SARA_1162,ON-02FE-02
SARA_1162,ON-02FE-04
SARA_1163,ON-02FF-01
SARA_1164,ON-02GB-08
SARA_1165,ON-02FE-02
SARA_1168,ON-02MA-04
SARA_1168,ON-02MA-02
SARA_1170,AB-04010105
SARA_1172,AB-04020301
SARA_1174,AB-04020101
SARA_1175,AB-04020101
SARA_1176,AB-04020301
SARA_1182,AB-04010102
SARA_1184,AB-04020101
SARA_1185,AB-04010201
SARA_1188,AB-04020301
SARA_1190,AB-04020501
SARA_1191,AB-04021201
SARA_1197,AB-04020501
SARA_1201,AB-04020101
SARA_1204,AB-04020201
SARA_1207,AB-04010102
SARA_1209,AB-04010102
SARA_1212,AB-04010102
SARA_1213,AB-04020301
SARA_1215,AB-04020101
SARA_1216,AB-04020301
SARA_1223,AB-04010101
SARA_1223,AB-04010102
SARA_1225,AB-04020101
SARA_1226,AB-04010201
SARA_1229,AB-04020301
SARA_1231,AB-04021201
SARA_1240,AB-04020101
SARA_1246,AB-04010102
SARA_1248,AB-04010102
SARA_1251,AB-04010102
SARA_1254,AB-04020201
SARA_1267,AB-04010102
SARA_1267,AB-04010103
SARA_1271,AB-04020301
SARA_1272,AB-04020301
SARA_1276,AB-04020201
SARA_1282,AB-04020301
SARA_1293,AB-04020301
SARA_1294,AB-04020301
SARA_1297,AB-04020301
SARA_1298,AB-04010102
SARA_1299,AB-04020201
SARA_1303,AB-04010102
SARA_1307,AB-04020101
SARA_1308,AB-04020301
SARA_1312,AB-04021201
SARA_1313,AB-04021201
SARA_1316,AB-04010101
SARA_1324,AB-04020501
SARA_1327,AB-04010101
SARA_1339,AB-04020301
SARA_1340,AB-04010102
SARA_1346,AB-04020301
SARA_1348,AB-04020101
SARA_1350,AB-04010105
SARA_1354,AB-04020101
SARA_1355,AB-04020101
SARA_1356,AB-04020301
SARA_1357,AB-04010102
SARA_1360,AB-04010102
SARA_1369,AB-04010101
SARA_1374,AB-04010102
SARA_1380,AB-04010101
SARA_1392,AB-04020301
SARA_1393,AB-04010102
SARA_1403,AB-04020301
SARA_1405,AB-04010201
SARA_1405,AB-04021201
SARA_1407,AB-04010102
SARA_1414,AB-04020301
SARA_1418,AB-04020301
SARA_1420,AB-04010201
SARA_1422,AB-04010102
SARA_13,ON-02GC-03
SARA_161,ON-02GC-03
SARA_27,BC_73
SARA_28,BC_73
SARA_29,BC_73
SARA_30,BC_73
SARA_66,ON-02GB-02
SARA_67,ON-02GB-02
SARA_66,ON-02GB-01
SARA_67,ON-02GB-01
SARA_68,BC_160
SARA_69,BC_160
SARA_1150,ON-02GA-07
SARA_1150,ON-02GA-09
SARA_75,ON-02GA-07
SARA_1150,ON-02GB-05
SARA_75,ON-02GB-04
SARA_1155,ON-02GD-10
SARA_79,ON-02GD-13
SARA_1155,ON-02GE-07
SARA_87,ON-02GD-01
SARA_90,BC_2
SARA_91,BC_2
SARA_90,BC_178
SARA_96,ON-02HL-02
SARA_99,ON-02GC-03
SARA_102,ON-02FF-01
SARA_163,ON-02FF-01
SARA_103,ON-02GGB01
SARA_166,ON-02GGB01
SARA_133,ON-02GGB06
SARA_136,ON-02GGB06
SARA_133,ON-02GGB07
SARA_136,ON-02GGB07
SARA_133,ON-02GGB03
SARA_136,ON-02GGB03
SARA_134,ON-02GGB04
SARA_137,ON-02GGB04
SARA_134,ON-02GGB02
SARA_137,ON-02GGB02
SARA_134,ON-02GGB03
SARA_137,ON-02GGB03
SARA_135,ON-02GE-05
SARA_138,ON-02GE-05
SARA_135,ON-02GE-06
SARA_138,ON-02GE-06
SARA_135,ON-02GE-04
SARA_138,ON-02GE-04
SARA_135,ON-02GE-03
SARA_135,ON-02GE-07
SARA_157,ON-02GE-03
SARA_157,ON-02GE-02
SARA_173,ON-02FF-03
SARA_464,AB-11010101
SARA_1214,AB-04020701
SARA_1169,AB-04021201
SARA_1170,AB-04010101
SARA_1171,AB-04010101
SARA_1173,AB-04021202
SARA_400,BC_46
SARA_1039,AB-04020401
SARA_1043,AB-04020401
SARA_520,AB-11010401
SARA_1177,AB-04021202
SARA_1178,AB-04010101
SARA_1179,AB-04010103
SARA_445,AB-04010101
SARA_1180,AB-04010103
SARA_1181,AB-04021201
SARA_1183,AB-04021202
SARA_1186,AB-04021001
SARA_485,AB-04010101
SARA_1187,AB-04021201
SARA_1189,AB-04020501
SARA_1192,AB-04010101
SARA_1193,AB-04010101
SARA_1194,AB-04010101
SARA_1195,AB-04010101
SARA_1196,AB-04021001
SARA_1198,AB-04021201
SARA_1199,AB-04020601
SARA_1200,AB-04010101
SARA_1202,AB-04010103
SARA_1203,AB-04021001
SARA_1205,AB-04020701
SARA_1206,AB-04010103
SARA_1413,AB-04020701
SARA_1208,AB-04010103
SARA_1210,AB-04021202
SARA_1211,AB-04010101
SARA_1275,AB-04020201
SARA_1277,AB-04010101
SARA_1278,AB-04010101
SARA_1279,AB-04010101
SARA_1280,AB-04020701
SARA_1281,AB-04021202
SARA_1283,AB-04010101
SARA_1284,AB-04020701
SARA_1285,AB-04010103
SARA_1285,AB-04021201
SARA_1286,AB-04020701
SARA_1287,AB-04020802
SARA_1288,AB-04010101
SARA_1289,AB-04010103
SARA_1290,AB-04010103
SARA_1291,AB-04010101
SARA_1292,AB-04020701
SARA_1295,AB-04020701
SARA_1296,AB-04010101
SARA_1300,AB-04010103
SARA_1301,AB-04010101
SARA_1302,AB-04010101
SARA_1304,AB-04010103
SARA_1305,AB-04021201
SARA_1306,AB-04010101
SARA_1363,AB-04010101
SARA_1309,AB-04010101
SARA_1310,AB-04010101
SARA_1311,AB-04021202
SARA_1311,AB-04021201
SARA_1314,AB-04021001
SARA_1315,AB-04021201
SARA_1317,AB-04021001
SARA_1318,AB-04010101
SARA_1319,AB-04021202
SARA_1320,AB-04010101
SARA_1321,AB-04021201
SARA_1322,AB-04010101
SARA_1323,AB-04020501
SARA_1325,AB-04010103
SARA_1326,AB-04010101
SARA_1328,AB-04021202
SARA_1329,AB-04021001
SARA_1330,AB-04010101
SARA_1331,AB-04010101
SARA_1332,AB-04010103
SARA_1333,AB-04010101
SARA_1334,AB-04010101
SARA_1335,AB-04010103
SARA_1336,AB-04010101
SARA_1337,AB-04010101
SARA_1424,AB-04010101
SARA_1338,AB-04010101
SARA_941,AB-04020201
SARA_1341,AB-04020501
SARA_1342,AB-04010101
SARA_1343,AB-04020201
SARA_1344,AB-04010103
SARA_1345,AB-04021001
SARA_999,AB-04020501
SARA_1394,AB-04020501
SARA_1218,AB-04010101
SARA_1232,AB-04010101
SARA_1235,AB-04010101
SARA_1239,AB-04010101
SARA_1250,AB-04010101
SARA_1255,AB-04010101
SARA_1269,AB-04010101
SARA_1358,AB-04010101
SARA_1371,AB-04010101
SARA_1379,AB-04010101
SARA_1384,AB-04010101
SARA_1387,AB-04010101
SARA_1388,AB-04010101
SARA_1391,AB-04010101
SARA_1399,AB-04010101
SARA_1402,AB-04010201
SARA_1402,AB-04010101
SARA_1406,AB-04010101
SARA_1233,AB-04010101
SARA_1234,AB-04010101
SARA_1256,AB-04010101
SARA_1257,AB-04010101
SARA_1261,AB-04010101
SARA_1266,AB-04010101
SARA_1274,AB-04010101
SARA_1350,AB-04010101
SARA_1351,AB-04010101
SARA_1359,AB-04010101
SARA_1364,AB-04021201
SARA_1364,AB-04010101
SARA_1365,AB-04010101
SARA_1373,AB-04010101
SARA_1376,AB-04010101
SARA_1383,AB-04010101
SARA_1386,AB-04010101
SARA_1389,AB-04010101
SARA_1390,AB-04010101
SARA_1395,AB-04010101
SARA_1219,AB-04010103
SARA_1221,AB-04010103
SARA_1241,AB-04010103
SARA_1245,AB-04010103
SARA_1263,AB-04010103
SARA_1268,AB-04010103
SARA_1361,AB-04010103
SARA_1397,AB-04010103
SARA_1401,AB-04010103
SARA_1409,AB-04010103
SARA_1410,AB-04010103
SARA_1411,AB-04010103
SARA_1247,AB-04010103
SARA_1385,AB-04010103
SARA_1353,AB-04020101
SARA_1243,AB-04020201
SARA_1243,AB-04020501
SARA_1252,AB-04020201
SARA_1253,AB-04020201
SARA_1396,AB-04020201
SARA_1220,AB-04020501
SARA_1230,AB-04020501
SARA_1230,AB-08010102
SARA_1377,AB-04020501
SARA_1378,AB-04020501
SARA_1238,AB-04020601
SARA_1044,BC_91
SARA_1244,AB-04020701
SARA_1258,AB-04020701
SARA_1262,AB-04020701
SARA_1264,AB-04020701
SARA_1270,AB-04020701
SARA_1273,AB-04020701
SARA_1347,AB-04020701
SARA_1400,AB-04020701
SARA_1400,AB-08010103
SARA_1400,AB-08010101
SARA_1259,AB-04020802
SARA_1265,AB-04020601
SARA_1265,AB-04020802
SARA_1227,AB-04021001
SARA_1236,AB-04021001
SARA_1242,AB-04021001
SARA_1367,AB-04021001
SARA_1370,AB-04021001
SARA_1382,AB-04021001
SARA_1398,AB-04021001
SARA_1222,AB-04021201
SARA_1228,AB-04021201
SARA_1237,AB-04021201
SARA_1263,AB-04021201
SARA_1349,AB-04021201
SARA_1362,AB-04021201
SARA_1368,AB-04021201
SARA_1375,AB-04021201
SARA_1404,AB-04021201
SARA_1404,AB-04010101
SARA_1408,AB-04021201
SARA_1366,AB-04021201
SARA_1217,AB-04021202
SARA_1224,AB-04021202
SARA_1224,AB-04021201
SARA_1249,AB-04021202
SARA_1260,AB-04021202
SARA_1352,AB-04021202
SARA_1372,AB-04021001
SARA_1372,AB-04021202
SARA_1381,AB-04021202
SARA_1412,AB-04010101
SARA_1415,AB-04010103
SARA_1416,AB-04020201
SARA_1417,AB-04010201
SARA_1417,AB-04010101
SARA_1419,AB-04021201
SARA_1421,AB-04010101
SARA_1423,AB-04021201
SARA_1150,ON-02GB-02
SARA_66,ON-02GB-03
SARA_67,ON-02GB-03
SARA_156,ON-02GA-01
SARA_156,ON-02GB-03
SARA_181,ON-02GB-03
SARA_174,ON-02GD-02
SARA_138,ON-02GE-07
SARA_157,ON-02GE-07
SARA_177,ON-02GD-01
SARA_147,ON-02GGB03
SARA_158,ON-02GGB02
SARA_171,ON-02GGB04
SARA_172,ON-02GGB04
SARA_175,ON-02GGB04
SARA_176,ON-02GGB04
SARA_178,ON-02GGB04
SARA_182,ON-02GGB04
SARA_183,ON-02GGB04
SARA_157,ON-02GE-05
SARA_170,ON-02GE-04
SARA_170,ON-02GE-03
SARA_1159,ON-02GE-06
SARA_1159,ON-02GE-04
SARA_124,ON-02GC-03
SARA_206,ON-02GC-03
SARA_66,ON-02GB-06
SARA_67,ON-02GB-06
SARA_1150,ON-02GB-06
SARA_156,ON-02GB-02
SARA_156,ON-02GB-01
SARA_152,ON-02GGB02
SARA_134,ON-02GGB01
SARA_137,ON-02GGB01
SARA_153,ON-02GGB01
SARA_153,ON-02GGB03
SARA_176,ON-02GGB02
SARA_167,ON-02GE-05
SARA_157,ON-02GE-04
SARA_167,ON-02GE-04
SARA_167,ON-02GE-03
SARA_181,ON-02GB-02
SARA_170,ON-02GE-05
SARA_171,ON-02GGB05
SARA_172,ON-02GGB05
SARA_175,ON-02GGB05
SARA_176,ON-02GGB05
SARA_178,ON-02GGB05
SARA_182,ON-02GGB05
SARA_183,ON-02GGB05
SARA_155,ON-02GGB04
SARA_171,ON-02GGB02
SARA_172,ON-02GGB02
SARA_175,ON-02GGB02
SARA_178,ON-02GGB02
SARA_182,ON-02GGB02
SARA_183,ON-02GGB02
